{"count":1,"gauges":{},"self":11.7105032,"total":12.390191399999999,"children":{"AgentResetIfDone":{"count":500,"self":0.0219243,"total":0.0219243,"children":null},"AgentSendState":{"count":500,"self":0.021888499999999998,"total":0.028872,"children":{"CollectObservations":{"count":125,"self":0.0069834999999999993,"total":0.0069834999999999993,"children":null}}},"DecideAction":{"count":500,"self":0.55746659999999992,"total":0.5906519,"children":{"RayPerceptionSensor.Perceive":{"count":125,"self":0.0331853,"total":0.0331853,"children":null}}},"AcademyStep":{"count":500,"self":0.0009981,"total":0.0009981,"children":null},"AgentAct":{"count":500,"self":0.0362423,"total":0.0362423,"children":null}}}