{"count":1,"gauges":{},"self":3.8656148,"total":4.4825007,"children":{"AgentResetIfDone":{"count":191,"self":0.0139478,"total":0.0139478,"children":null},"AgentSendState":{"count":191,"self":0.0090504,"total":0.013034899999999999,"children":{"CollectObservations":{"count":48,"self":0.0039845,"total":0.0039845,"children":null}}},"DecideAction":{"count":191,"self":0.5439589,"total":0.5668981,"children":{"RayPerceptionSensor.Perceive":{"count":48,"self":0.0229392,"total":0.0229392,"children":null}}},"AcademyStep":{"count":191,"self":0.0020063999999999998,"total":0.0020063999999999998,"children":null},"AgentAct":{"count":191,"self":0.0199989,"total":0.0199989,"children":null}}}